<?xml version="1.0" encoding="UTF-8"?>
<beans 
xmlns="http://www.springframework.org/schema/beans" 
xmlns:xsi="http://www.w3.org/2001/XMLSchema-instance" 
xsi:schemaLocation="http://www.springframework.org/schema/beans
http://www.springframework.org/schema/beans/spring-beans-3.0.xsd">

 
 <!--  <bean id="id1" class="com.bean.Address">  constructor-->
  <bean id="addr" class="com.bean.Address">  
<!--<bean id="Address" class="com.bean.Address">-->
<!--<constructor-arg value="123" ></constructor-arg>-->
<!--<constructor-arg  value="kerala"></constructor-arg>-->
<property name="addrId" value="4"></property>
<property name="loc" value="plkd"></property>
</bean>
<!--  <bean id="id2" class="com.bean.Employeenew" autowire="constructor">-->
<bean id="id2" class="com.bean.Employeenew" autowire="byName">
<!--<bean id="id2" class="com.bean.Employeenew" autowire="byType">-->

<property name="salary" value="400000"></property>
</bean>
</beans>