<?xml version="1.0" encoding="UTF-8"?>
<beans 
xmlns="http://www.springframework.org/schema/beans" 
xmlns:xsi="http://www.w3.org/2001/XMLSchema-instance" 
xsi:schemaLocation="http://www.springframework.org/schema/beans
http://www.springframework.org/schema/beans/spring-beans-3.0.xsd">

<!--  
<bean class="com.bean.Person" id="person">
<property name="name" value="INDU"></property>
<property name="address" value="KERALA"></property>
</bean>
-->

<!-- 
<bean id="cust1" class="com.bean.Customer">
	<property name="p" ref="person"></property>
	</bean>
 -->
 
 
 <!-- ..............inheritance..................................... -->
<bean id="personbean" class="com.bean.Person">
<property name="name" value="neethu"></property>
</bean>
<bean id="emp" class="com.bean.Employee" parent="personbean">
<property name="id" value="123"></property>
</bean>
<!-- ................................................................ --> 


<bean id="cust2" class="com.bean.Customer">
<!-- <property name="p" ref="person"></property> -->
<property name="p" >

<bean id="person" class="com.bean.Person">
<property name="name" value="INDU"></property>
<property name="address" value="KERALA"></property>
</bean>
</property>

<property name="mob" value="9633"></property>
</bean>
</beans>











<!--  

<bean id="b" class="com.bean.Book">
 <property name="id" value="10"></property>
<property name="bname" value="java"></property>
<property name="price" value="100"></property>
 
 
 <constructor-arg name="id" value="10" type="int"></constructor-arg>
<constructor-arg name="bname" value="java"></constructor-arg>
<constructor-arg name="price" value="100"></constructor-arg>
</bean>
</beans>
--> 