<?xml version="1.0" encoding="UTF-8"?>
<beans 
xmlns="http://www.springframework.org/schema/beans" 
xmlns:xsi="http://www.w3.org/2001/XMLSchema-instance" 
xsi:schemaLocation="http://www.springframework.org/schema/beans
http://www.springframework.org/schema/beans/spring-beans-3.0.xsd">

 
<bean id="q" class="com.bean.Question">
<constructor-arg value="1" ></constructor-arg>
<constructor-arg  value="what is java"></constructor-arg>
<constructor-arg>
<map>
<entry key="Programming language" value="anu"></entry>
<entry key="Island" value="manu"></entry>
<entry key="Coffee bean" value="banu"></entry>
</map>
</constructor-arg>
</bean>
</beans>
